{
	"credit": "Made with Blockbench",
	"textures": {
		"0": "blocks/chapeau",
		"particle": "blocks/chapeau"
	},
	"elements": [
		{
			"from": [1, 5, 1],
			"to": [15, 13, 14],
			"faces": {
				"north": {"uv": [1.25, 3.75, 6.5, 6.5], "texture": "#0"},
				"east": {"uv": [9.25, 11.75, 14.5, 14.5], "texture": "#0"},
				"south": {"uv": [9.25, 11.75, 14.5, 14.5], "texture": "#0"},
				"west": {"uv": [9.25, 11.75, 14.5, 14.5], "texture": "#0"},
				"up": {"uv": [10, 8.5, 15.25, 11.25], "texture": "#0"},
				"down": {"uv": [0, 0, 1, 1], "texture": "#missing"}
			}
		},
		{
			"from": [-2, 0, -2],
			"to": [18, 5, 18],
			"faces": {
				"north": {"uv": [8.75, 8.5, 14.5, 10.25], "texture": "#0"},
				"east": {"uv": [8.75, 8.5, 14.5, 10.25], "texture": "#0"},
				"south": {"uv": [8.75, 8.5, 14.5, 10.25], "texture": "#0"},
				"west": {"uv": [8.75, 8.5, 14.5, 10.25], "texture": "#0"},
				"up": {"uv": [8.5, 8.5, 15.5, 12.5], "texture": "#0"},
				"down": {"uv": [0, 0, 1, 1], "texture": "#missing"}
			}
		},
		{
			"from": [4, 11, 4],
			"to": [12, 24, 11],
			"rotation": {"angle": 22.5, "axis": "x", "origin": [8, 14, 7.5]},
			"faces": {
				"north": {"uv": [0, 0, 2, 3], "texture": "#0"},
				"east": {"uv": [0, 0, 2, 3], "texture": "#0"},
				"south": {"uv": [0, 0, 2, 3], "texture": "#0"},
				"west": {"uv": [0, 0, 2, 3], "texture": "#0"},
				"up": {"uv": [0, 0, 2, 1.75], "texture": "#0"},
				"down": {"uv": [0, 0, 1, 1], "texture": "#missing"}
			}
		}
	],
	"display": {
		"thirdperson_righthand": {
			"translation": [0.25, 2.75, -2],
			"scale": [0.54, 0.54, 0.54]
		},
		"firstperson_righthand": {
			"rotation": [-16, -3, -1],
			"translation": [0, 1.75, -3.25],
			"scale": [0.55, 0.55, 0.55]
		},
		"gui": {
			"rotation": [0, 141, 0],
			"translation": [-0.25, -2, 0],
			"scale": [0.55, 0.55, 0.55]
		},
		"head": {
			"translation": [0, 10, 0]
		}
	}
}